Workbook

Sheet Lead Tracker
A1: 🗺️ MapsLeadExtractor — Lead Tracker & Outreach CRM
A2: IMPORT: Paste your MapsLeadExtractor CSV export below (columns A–H). Outreach tracking columns I–P are pre-built — just update the Status dropdown as you work.
A3: Business Name | B3: Category | C3: City / Area | D3: Full Address | E3: Phone | F3: Email | G3: Website (Leave blank = No Site) | H3: Facebook Page URL | I3: Priority (1–5) | J3: Date First Contacted | K3: Outreach Method | L3: Response Status | M3: Follow-up Date | N3: Deal Value (£) | O3: Notes / Next Action | P3: Project Status
A4: Smith's Plumbing & Heating | B4: Plumber | C4: Manchester | D4: 14 High St, Manchester M1 1AA | E4: 07712 345678 | F4: smithsplumbing@gmail.com | H4: https://facebook.com/smithsplumbing | I4: 4 | J4: 06/05/2026 | K4: Facebook DM | L4: Contacted | M4: 13/05/2026 | N4: 499 | O4: Sent mock-up — awaiting reply | P4: Prospecting

Sheet 📖 Instructions
A1: How to Use This Template with MapsLeadExtractor
A2: STEP | B2: WHAT TO DO
A3: 1. Get MapsLeadExtractor | B3: Go to mapsleadextractor.com and download the tool. It scrapes Google Maps for businesses that have NO website listed — perfect for finding web design clients.
A4: 2. Filter 'No Website' | B4: In MapsLeadExtractor, set the filter to 'Has Website = No'. Search by niche (e.g. 'plumber') and city. You can get 1,000+ verified leads in minutes.
A5: 3. Export CSV | B5: Export your results as a CSV file from MapsLeadExtractor.
A6: 4. Paste into this file | B6: Open your CSV, copy all rows, and paste them into the 'Lead Tracker' sheet starting at row 5. Columns A–H match the MapsLeadExtractor export format exactly.
A7: 5. Verify Facebook Pages | B7: For each lead, search '[Business Name] Facebook' to find their FB page. Paste the URL into column H. Businesses with active FB pages but no websites are your best prospects.
A8: 6. Set Priority (col I) | B8: Score each lead 1–5: 5 = Has FB + phone + email → contact today 4 = Has FB + one contact method 3 = FB only (DM them) 2 = Phone only 1 = No contact info found
A9: 7. Start Outreach | B9: Work top-down by priority. Update 'Response Status' (col L) as you go: Not Contacted → Contacted → Interested → Closed - Won The colour coding updates automatically.
A10: 8. Track Deal Value | B10: When a client agrees to proceed, enter your quoted price in col N (£). Use the Dashboard sheet to see your total pipeline value.
A11: PRICING GUIDE
A12: Basic Website | B12: 5-page site (Home, About, Services, Gallery, Contact) — £299 to £499
A13: Standard Website | B13: 10-page site with booking/enquiry form + SEO basics — £699 to £999
A14: Premium Website | B14: E-commerce or complex site with integrations — £1,500 to £3,000+
A15: Monthly Retainer | B15: Hosting, updates, minor edits — £49 to £99/month per client
A16: OUTREACH SCRIPT
A17: Facebook DM | B17: Hi [Name]! I love what you're doing with [Business Name]. I noticed you're on Facebook but don't have your own website yet — a lot of your customers are probably searching Google and can't find you. I'm a local web designer and I'm offering a free no-obligation mock-up this month. Want me to show you what your site could look like? 😊
A18: Cold Call Opener | B18: 'Hi, is this [Name]? Great — I'm [Your Name], a local web designer. I came across your Facebook page and loved your work. Quick question — do you find that customers sometimes struggle to find you online?' → Then listen and pivot to your offer.
A19: Email Subject | B19: Subject: Quick question about [Business Name] Hi [Name], I found your Facebook page and was really impressed by your [service]. I noticed you don't have a website yet — I specialise in building affordable websites for local businesses like yours. I've put together a quick free mock-up for you. Mind if I send it over? No strings attached. Best, [Your Name]

Sheet 📊 Dashboard
A1: Pipeline Dashboard — Auto-Calculated from Lead Tracker
A2: METRIC | B2: SOURCE FORMULA | C2: LIVE VALUE
A3: Total Leads Imported | B3: =COUNTA('Lead Tracker'!A5:A54) | C3: =COUNTA('Lead Tracker'!A5:A54)
A4: Leads with Facebook Page | B4: =COUNTIF('Lead Tracker'!H5:H54,"http*") | C4: =COUNTIF('Lead Tracker'!H5:H54,"http*")
A5: Leads with Phone Number | B5: =COUNTA('Lead Tracker'!E5:E54) | C5: =COUNTA('Lead Tracker'!E5:E54)
A6: Leads with Email | B6: =COUNTA('Lead Tracker'!F5:F54) | C6: =COUNTA('Lead Tracker'!F5:F54)
A7: Not Yet Contacted | B7: =COUNTIF('Lead Tracker'!L5:L54,"Not Contacted") | C7: =COUNTIF('Lead Tracker'!L5:L54,"Not Contacted")
A8: Contacted (Awaiting Reply) | B8: =COUNTIF('Lead Tracker'!L5:L54,"Contacted") | C8: =COUNTIF('Lead Tracker'!L5:L54,"Contacted")
A9: Interested | B9: =COUNTIF('Lead Tracker'!L5:L54,"Interested") | C9: =COUNTIF('Lead Tracker'!L5:L54,"Interested")
A10: Closed — Won | B10: =COUNTIF('Lead Tracker'!L5:L54,"Closed - Won") | C10: =COUNTIF('Lead Tracker'!L5:L54,"Closed - Won")
A11: Not Interested / Dead | B11: =COUNTIF('Lead Tracker'!L5:L54,"Not Interested") | C11: =COUNTIF('Lead Tracker'!L5:L54,"Not Interested")
A12: Total Pipeline Value (£) | B12: =SUMIF('Lead Tracker'!L5:L54,"Interested",'Lead Tracker'!N5:N54)+SUMIF('Lead Tracker'!L5:L54,"Contacted",'Lead Tracker'!N5:N54) | C12: =SUMIF('Lead Tracker'!L5:L54,"Interested",'Lead Tracker'!N5:N54)+SUMIF('Lead Tracker'!L5:L54,"Contacted",'Lead Tracker'!N5:N54)
A13: Revenue Closed (£) | B13: =SUMIF('Lead Tracker'!L5:L54,"Closed - Won",'Lead Tracker'!N5:N54) | C13: =SUMIF('Lead Tracker'!L5:L54,"Closed - Won",'Lead Tracker'!N5:N54)
A14: Conversion Rate | B14: =IF(COUNTA('Lead Tracker'!A5:A54)=0,"-",COUNTIF('Lead Tracker'!L5:L54,"Closed - Won")/COUNTA('Lead Tracker'!A5:A54)) | C14: =IF(COUNTA('Lead Tracker'!A5:A54)=0,"-",COUNTIF('Lead Tracker'!L5:L54,"Closed - Won")/COUNTA('Lead Tracker'!A5:A54))
